{
	"id": "ep_sek_w_tym",
	"version": 5,
	"localization": {
		"city": "Warsaw",
		"region": "Aleksandrow",
		"country": "Poland",
		"countryCode": "PL",
		"centerLatitude": 52.1650, 
		"centerLongitude": 21.2430
	},
	"points": [
		{
			"id": "ep_sek_w_tym_p1",
			"name": "Dom gdzie cicho dzwoni",
			"description": "Historia zaczyna się, w sercu Aleksandrowa.",
			"latitude": 52.1650,
			"longitude": 21.2430,
			"isMainPoint": true,
			"order": 1
		},
		{
			"id": "ep_sek_w_tym_p2",
			"name": "Zbytkowa leśniczówka",
			"description": "Gdzie leśnik nie narąbie, tam zmarły nie poleży",
			"latitude": 52.1645, 
			"longitude": 21.2475,
			"isMainPoint": false,
			"order": 2
		},
		{
			"id": "ep_sek_w_tym_p3",
			"name": "Bar przy stajni",
			"description": "Teraz wszystko w rękach konia",
			"latitude": 52.1615,
			"longitude": 21.2455,
			"isMainPoint": false,
			"order": 3
		},
		{
			"id": "ep_sek_w_tym_p4",
			"name": "Borowe górsko",
			"description": "Bunkrów nie ma",
			"latitude": 52.1600, 
			"longitude": 21.2400,
			"isMainPoint": false,
			"order": 4
		},
		{
			"id": "ep_sek_w_tym_p5",
			"name": "Dom w stylu świder bajer",
			"description": "Ciche miejsce z głośną przeszłością",
			"latitude": 52.1537, 
			"longitude": 21.2317,
			"isMainPoint": false,
			"order": 5
		}
	],
	
	"name": "Sęk w tym",
	"description": "W oczekiwaniu na wyrwanie z rutyny codzienności słychać nagle dzwonek do drzwi. Jednakże po zaoferowanym otworzeniu drzwi nie widać żadnych gości, nie widać nawet spodziewanego kuriera, widać tylko wielką drewnianą kłodę. Ogólnie rzecz biorąc - porąbana sprawa.",
	"author": "SkuVany",
	"thumbnailUrl": "https://cdn.jsdelivr.net/gh/SkrybaOtis/strt_mstr_invests@latest/episodes/ep_sek_w_tym/ep_sek_w_tym_image.webp",
	"difficulty": "Średni",
	"estimatedMinutes": 45,
	
	"bases": {
		"base_characters": [
			{
				"id": 1,
				"name": "Babcia Grażynka",
				"description": "Wynajmuje Ci piętro bo nie stać Ciebie na własne biuro, a poza tym Babcia żyje w tym mieście całkiem długo i wie to i owo.",
				"image_url": "images/babcia_grazynka.webp",
				"qr_decoded": "first_qr"
			},
			{
				"id": 2,
				"name": "Wspólnik Szewczyk",
				"description": "Twój wspólnik i najlepsza mordzia - praca w terenie to nie jego brocha, ale ma kontakty i jest w stanie pozyskać prawie każdą informację",
				"image_url": "images/wspolnik_szewczyk.webp",
				"qr_decoded": "second_qr"
			}, 
			{
				"id": 3,
				"name": "Leśniczy Zbyszek",
				"description": "Głównodowodzący okolicznymi lasami. Widać, że choć ma już trochę lat na karku, to nie zgorzkniał na starość. Wprost przeciwnie - chętnie pogada i rzuci dwocipem.",
				"image_url": "images/lesniczy_zbyszek.webp",
				"qr_decoded": "code_qr_after_decoded"
			},
			{
				"id": 4,
				"name": "Podleśniczy Leszek",
				"description": "description",
				"image_url": "images/podlesniczy_leszek.webp",
				"qr_decoded": "code_qr_after_decoded"
			},
			{
				"id": 5,
				"name": "Barmanka Barbara",
				"description": "description",
				"image_url": "images/barmanka_barbara.webp",
				"qr_decoded": "code_qr_after_decoded"
			},
			{
				"id": 6,
				"name": "Turystka Tereska",
				"description": "description",
				"image_url": "images/turystka_teresa.webp",
				"qr_decoded": "code_qr_after_decoded"
			},
			{
				"id": 7,
				"name": "Grzybiarz Grzegorz",
				"description": "description",
				"image_url": "images/grzybiarz_grzegorz.webp",
				"qr_decoded": "code_qr_after_decoded"
			},
			{
				"id": 8,
				"name": "Harcerz Hugo",
				"description": "description",
				"image_url": "images/harcerz_hugo.webp",
				"qr_decoded": "code_qr_after_decoded"
			},
			{
				"id": 9,
				"name": "Ekolożka Emilia",
				"description": "description",
				"image_url": "images/ekolozka_emilia.webp",
				"qr_decoded": "code_qr_after_decoded"
			}
			
			
		],
		"base_clues": [
			{
				"id": 1,
				"name": "Wielki Pień",
				"description": "Lepiej mieć z kimś tylko na pieńku niż niezakopany wojenny topór",
				"image_url": "images/url.png",
				"qr_decoded": "code_qr_after_decoded"
			},
			{
				"id": 2,
				"name": "Czerwone korale",
				"description": "Niczym wino korale z owoców jarzębiny",
				"image_url": "images/url.png",
				"qr_decoded": "code_qr_after_decoded"
			}, 
			{
				"id": 3,
				"name": "Uzda bez wędzidła",
				"description": "No bez nich to można już puścić wodze fantazji",
				"image_url": "images/url.png",
				"qr_decoded": "code_qr_after_decoded"
			},
			{
				"id": 4,
				"name": "Baranie rogi",
				"description": "Sytuacja robi się zakręcona jak nie powiem co ",
				"image_url": "images/url.png",
				"qr_decoded": "code_qr_after_decoded"
			}
		],
		"base_enigmas": [
			{
				"id": 1,
				"name": "Na Pieńku",
				"description": "Kto zostawił pod drzwiami Wielki Pień?",
				"image_url": "images/url.png",
				"qr_decoded": "code_qr_after_decoded"
			},
			{
				"id": 2,
				"name": "Klucze do lasu",
				"description": "Kto zabrał klucze do lasu?",
				"image_url": "images/url.png",
				"qr_decoded": "code_qr_after_decoded"
			}, 
			{
				"id": 3,
				"name": "Porzucone korale",
				"description": "Do kogo należały Czerwone korale?",
				"image_url": "images/url.png",
				"qr_decoded": "code_qr_after_decoded"
			}, 
			{
				"id": 4,
				"name": "Wy-uzdana sytuacja",
				"description": "Kto ukradł wędzidełko z końskiej uzdy?",
				"image_url": "images/url.png",
				"qr_decoded": "code_qr_after_decoded"
			}, 
			{
				"id": 5,
				"name": "Ajajaj",
				"description": "Na co mu było tyle jaj?",
				"image_url": "images/url.png",
				"qr_decoded": "code_qr_after_decoded"
			}
		],
		"base_locations": [
			{
				"id": "ep_sek_w_tym_p1",
				"name": "Dom gdzie cicho dzwoni",
				"description": "Historia zaczyna się, w sercu Aleksandrowa.",
				"latitude": 52.1650,
				"longitude": 21.2430,
				"characters": [1, 2],
				"image_url": "images/dom_gdzie_cicho_dzwoni.webp",
				"qr_decoded": "Dom gdzie cicho dzwoni"
			},
			{
				"id": "ep_sek_w_tym_p2",
				"name": "Zbytkowa leśniczówka",
				"description": "Gdzie leśnik nie narąbie, tam zmarły nie poleży",
				"latitude": 52.1645, 
				"longitude": 21.2475,
				"characters": [3, 4],
				"image_url": "images/zabytkowa_lesniczowka.webp",
				"qr_decoded": "Zbytkowa leśniczówka"
			}, 
			{
				"id": "ep_sek_w_tym_p3",
				"name": "Bar przy stajni",
				"description": "Teraz wszystko w rękach konia",
				"latitude": 52.1615,
				"longitude": 21.2455,
				"characters": [5, 6, 7],
				"image_url": "images/bar_przy_stajni.webp",
				"qr_decoded": "Bar przy stajni"
			},
			{
				"id": "ep_sek_w_tym_p4",
				"name": "Borowe górsko",
				"description": "Bunkrów nie ma",
				"latitude": 52.1600, 
				"longitude": 21.2400,
				"characters": [8],
				"image_url": "images/borowe_gorsko.webp",
				"qr_decoded": "Borowe górsko"
			},
			{
				"id": "ep_sek_w_tym_p5",
				"name": "Dom w stylu świder bajer",
				"description": "Ciche miejsce z głośną przeszłością",
				"latitude": 52.1537, 
				"longitude": 21.2317,
				"characters": [9],
				"image_url": "images/dom_w_stylu_swider_bajer.webp",
				"qr_decoded": "Dom w stylu świder bajer"
			}
		]
	},

	"dialogsMatrices": {
		"dialogs_matrix_characters": 
			[[0, 1, 3, 0, 0, 21, 0, 19, 0 ],
			 [2, 0, 4, 0, 0, 11, 0, 0, 12 ],
			 [1, 0, 0, 18, 0, 0, 22, 0, 0 ],
			 [0, 33, 0, 0, 44, 0, 0, 15, 0],
			 [27, 0, 0, 49, 0, 0, 5, 0, 0 ],
			 [0, 16, 0, 0, 10, 0, 0, 25, 0],
			 [0, 0, 38, 0, 0, 41, 0, 8, 0 ],
			 [0, 0, 33, 0, 7, 0, 13, 0, 0 ],
			 [29, 0, 0, 14, 0, 0, 9, 0, 0]],
		"dialogs_matrix_clues":
			[[1, 0, 5, 16],
			[2, 18, 0, 3],
			[10, 0, 7, 0],
			[0, 11, 0, 0],
			[0, 4, 15, 0],
			[13, 6, 0, 9],
			[0, 0, 12, 0],
			[0, 14, 0, 0],
			[0, 0, 8, 17]],
		"dialogs_matrix_enigmas":
			[[4, 0, 0, 13, 5],
			[0, 12, 0, 0, 14],
			[0, 0, 16, 0, 0],
			[6, 0, 9, 17, 0],
			[0, 10, 0, 5, 19],
			[0, 0, 18, 0, 0],
			[11, 0, 0, 0, 2],
			[7, 0, 1, 14, 0],
			[0, 15, 0, 3, 8]],
		"dialogs_matrix_locations":
			[[0, 14, 0, 0, 5],
			[19, 0, 0, 3, 0],
			[6, 13, 0, 0, 7],
			[0, 1, 16, 0, 0],
			[17, 0, 0, 10, 0],
			[0, 12, 0, 0, 8],
			[0, 0, 0, 4, 18],
			[0, 0, 0, 15, 0],
			[2, 0, 11, 0, 9]]
	},

	"itemsDialogs":{
		"items_dialogs_characters": [
			{
				"id": 1,
				"content": "Poczciwy młodzieniec, cieszę się, że zadajesz się z takimi gentlemenami",
				"characters": [],
				"clues": [],
				"enigmas": [],
				"locations": [],
				"switch": 0
			},
			{
				"id": 2,
				"content": "Babcia jest gitem, robi niesamowite faworki",
				"characters": [],
				"clues": [],
				"enigmas": [],
				"locations": [],
				"switch": 0
			},
			{
				"id": 3,
				"content": "Miejscowy leśniczy? Chyba Zbyszek mu było. Stary kawalarz, sympatyczny, ale jednak bajkopisarz. Że też połowa z koła gospodyń tak się za nim ogląda",
				"characters": [],
				"clues": [],
				"enigmas": [],
				"locations": [],
				"switch": 0
			},
			{
				"id": 4,
				"content": "Leśniczy? A to oni jeszcze nie wyginęli? Jedynego jakiego pamiętam, to tego z bajki o czerwonym kapturku",
				"characters": [],
				"clues": [],
				"enigmas": [],
				"locations": [],
				"switch": 0
			},
		],
		"items_dialogs_clues": [
			{
				"id": 1,
				"content": "Kłoda? Kłoda jest mi bardzo bliska, bo ja często sama leżę jak kłoda.",
				"characters": [],
				"clues": [],
				"enigmas": [],
				"locations": [],
				"switch": 0
			},
			{
				"id": 2,
				"content": "Jak potrzebujesz informacji o drewnie, to zbadaj to w drewutni. Co by nie patrzeć nauka na żywych przykładach daje najlepsze efekty.",
				"characters": [],
				"clues": [],
				"enigmas": [],
				"locations": [],
				"switch": 0
			},
			{
				"id": 3,
				"content": "Ja zdaję sobie sprawę, że jak pytać kogoś o kłodę to właśnie leśniczego, ale ja w życiu widzę tyle kłód, że nie nadążam z wymyślaniem opowiastek o każdej z nich. Jak Panience bardzo zależy to może się tej konkretnej kłodzie przyjrzeć nasz gajowy. Ja mam gorsze problemy na głowie. Ktoś mi zabrał ważne klucze... powiedzmy, że to były klucze do lasu. ...No chyba ich ot tak nie zgubiłem. Trzeba zapytać w barze przy stajni, czy przypadkiem tam mi nie wypadły. ",
				"characters": [],
				"clues": [],
				"enigmas": [],
				"locations": [3],
				"switch": 0
			},
			{
				"id": 4,
				"content": "Chwila, moment! Toż to drewno z naszego lasu! Przecież to kawałek naszej olszy, a ja jej w tym sezonie w ogóle nie rąbałem. Czy ktoś z Panienki domowników nie ma w zwyczaju pojawiać się od czasu do czasu z zapasem drewna? ...Ah, Panienka znalazła to pod domem Babuni? A Babunia nie ma jakichś może dziwnych apsztyfikantów? Niemniej tym trzeba będzie się zająć. ...Ostatnia olsza z Borowej Góry, coś takiego! Trzeba będzie zobaczyć, czy złodzeje nie zostawili czegoś po sobie.",
				"characters": [],
				"clues": [],
				"enigmas": [],
				"locations": [4],
				"switch": 1
			}
		],
		"items_dialogs_enigmas": [
			{
				"id": "Skąd się wzięła kłoda przed domem? A skąd ja miałabym to wiedzieć. Wiem, że to słabe alibi, ale z racji wieku to chyba mało prawdopodobne, bym to ja to tutaj przytargała. Skoro to drewno z lasu, to pewnie w leśniczówce będą więcej mogli coś na jego temat powiedzieć",
				"content": "first_dialog_text",
				"characters": [],
				"clues": [],
				"enigmas": [],
				"locations": [],
				"switch": 1
			},
			{
				"id": 2,
				"content": "Ha, ha, rozumiem, że to jakiś żart i próbujesz mnie wrobić? Tym razem Ci się nie uda.",
				"characters": [],
				"clues": [],
				"enigmas": [],
				"locations": [],
				"switch": 0
			},
			{
				"id": 3,
				"content": "No jak Panienka myśli, że jako leśniczy nie mam co robić i z braku czasu chodzę kłaść ludziom pod domem kłody, to zapewniam, że można mnie z czystym sumieniem oczyścić z tych podejrzeń.",
				"characters": [],
				"clues": [],
				"enigmas": [],
				"locations": [],
				"switch": 0
			},
			{
				"id": 4,
				"content": "Jeśli to rzeczywiście kłoda z naszego lasu, to też chciałbym wiedzieć co ona robiła pod Panienki domem.",
				"characters": [],
				"clues": [],
				"enigmas": [],
				"locations": [],
				"switch": 0
			}
		],
		"items_dialogs_loactions": [
			{
				"id": 1,
				"content": "Chatka całkiem nieduża, ale też nieprzesadnie mała. Wygląd ma całkiem zapraszający do środka. Ze środka przez okna, zza firan można dostrzec światło. Narzędzia porozrzucane dookoła chatki sprawiają wrażenie, że jest to raczej miejsce intensywnej pracy. Niektóre narzędzia i drobiazgi przyprawiają o porządną dawkę ciekawości.",
				"characters": [1, 2],
				"clues": [],
				"enigmas": [],
				"locations": [],
				"switch": 0
			},
			{
				"id": 2,
				"content": "Ot zwyczajna leśniczówka. Fajna sobie taka stoi. Pachnie od niej żywicą. Przyozdobiona, skromnie acz ze smakiem. Widać toporki i piły w kaciapie obok.",
				"characters": [3, 4],
				"clues": [],
				"enigmas": [],
				"locations": [],
				"switch": 0
			},
			{
				"id": 3,
				"content": "third_dialog_text",
				"characters": [],
				"clues": [4],
				"enigmas": [9, 15, 22],
				"locations": [],
				"switch": 11
			}
		]
	},

	"switches" : {
		"switches_characters": [
			{
				"id": 1,
				"group_name": "clues",
				"id_character": 3,
				"id_group_item": 12,
				"id_new_dialog": 101
			},
			{
				"id": 2,
				"group_name": "characters",
				"id_character": 7,
				"id_group_item": 8,
				"id_new_dialog": 102
			},
			{
				"id": 3,
				"group_name": "clues",
				"id_character": 13,
				"id_group_item": 2,
				"id_new_dialog": 103
			},
			{
				"id": 4,
				"group_name": "enigmas",
				"id_character": 15,
				"id_group_item": 4,
				"id_new_dialog": 104
			},
			{
				"id": 5,
				"group_name": "locations",
				"id_character": 11,
				"id_group_item": 10,
				"id_new_dialog": 105
			}
		],
		"switches_clues": [
			{
				"id": 1,
				"group_name": "clues",
				"id_character": 3,
				"id_group_item": 12,
				"id_new_dialog": 101
			},
			{
				"id": 2,
				"group_name": "characters",
				"id_character": 7,
				"id_group_item": 8,
				"id_new_dialog": 102
			},
			{
				"id": 3,
				"group_name": "clues",
				"id_character": 13,
				"id_group_item": 2,
				"id_new_dialog": 103
			},
			{
				"id": 4,
				"group_name": "enigmas",
				"id_character": 15,
				"id_group_item": 4,
				"id_new_dialog": 104
			},
			{
				"id": 5,
				"group_name": "locations",
				"id_character": 11,
				"id_group_item": 10,
				"id_new_dialog": 105
			}
		],
		"switches_enigmas": [
			{
				"id": 1,
				"group_name": "clues",
				"id_character": 3,
				"id_group_item": 12,
				"id_new_dialog": 101
			},
			{
				"id": 2,
				"group_name": "characters",
				"id_character": 7,
				"id_group_item": 8,
				"id_new_dialog": 102
			},
			{
				"id": 3,
				"group_name": "clues",
				"id_character": 13,
				"id_group_item": 2,
				"id_new_dialog": 103
			},
			{
				"id": 4,
				"group_name": "enigmas",
				"id_character": 15,
				"id_group_item": 4,
				"id_new_dialog": 104
			},
			{
				"id": 5,
				"group_name": "locations",
				"id_character": 11,
				"id_group_item": 10,
				"id_new_dialog": 105
			}
		],
		"switches_locations": [
			{
				"id": 1,
				"group_name": "clues",
				"id_character": 3,
				"id_group_item": 12,
				"id_new_dialog": 101
			},
			{
				"id": 2,
				"group_name": "characters",
				"id_character": 7,
				"id_group_item": 8,
				"id_new_dialog": 102
			},
			{
				"id": 3,
				"group_name": "clues",
				"id_character": 13,
				"id_group_item": 2,
				"id_new_dialog": 103
			},
			{
				"id": 4,
				"group_name": "enigmas",
				"id_character": 15,
				"id_group_item": 4,
				"id_new_dialog": 104
			},
			{
				"id": 5,
				"group_name": "locations",
				"id_character": 11,
				"id_group_item": 10,
				"id_new_dialog": 105
			}
		]
	},
	
	"unlocked": {
		"unlocked_characters": [1, 2],
		"unlocked_clues": [1],
		"unlocked_enigmas": [1],
		"unlocked_locations": [1]
	}

}
